{
    "1": {
        "weights":[[-0.13311775, -0.3292188 ,  0.18783502,  0.6061847 , -0.23438288,
         -0.04619455,  0.19049093, -0.5947534 ,  0.78166723,  0.03145228],
        [-1.4378531 , -0.5015265 , -0.15916996,  0.45389116, -0.99907964,
          0.9106861 ,  1.1526667 , -0.5646557 ,  0.41478992,  0.09024166]],
        "bias": [ 0.02547267,  0.04010379, -0.00210395, -0.03403814,  0.11816882,
         0.18913957, -0.08002846,  0.12312075, -0.00374325,  0.06818362],
        "activation": "sigmoid"
    },
    "2": {
        "weights": [[-0.8078545 ,  1.1641703 ],
        [-0.22765855,  0.17402709],
        [-0.409221  ,  0.47265965],
        [ 0.34905466,  0.05038613],
        [-1.2412897 ,  0.64540964],
        [ 0.5138548 , -0.75270414],
        [ 1.115923  , -0.7578821 ],
        [-0.76348656, -0.06963343],
        [ 0.69510895,  0.03270961],
        [-0.11248375, -0.47589797]],
        "bias": [ 0.07099079, -0.07099077],
        "activation": "softmax"
    }
    
}
